,,National Water Informatics Centre,,
,,Ground Water Level : Ground Water Level_Delhi south hauz khas hauz khas pz,,
,,Download Date : 16-09-2025,,
,,Period : 17-09-2024 to 16-09-2025,,
,,Data Source : Cgwb,,
,,,,
Data Type Code,Data Type Description,Data Time,Data Value,Unit
GGZ,GPRS-Water Level,2024-09-17T00:00:00,-20.707,m
GGZ,GPRS-Water Level,2024-09-17T06:00:00,-20.663,m
GGZ,GPRS-Water Level,2024-09-17T12:00:00,-20.733,m
GGZ,GPRS-Water Level,2024-09-17T18:00:00,-20.717,m
GGZ,GPRS-Water Level,2024-09-18T00:00:00,-20.762,m
GGZ,GPRS-Water Level,2024-09-18T06:00:00,-20.733,m
GGZ,GPRS-Water Level,2024-09-18T12:00:00,-20.778,m
GGZ,GPRS-Water Level,2024-09-18T18:00:00,-20.781,m
GGZ,GPRS-Water Level,2024-09-19T00:00:00,-20.737,m
GGZ,GPRS-Water Level,2024-09-19T06:00:00,-20.724,m
GGZ,GPRS-Water Level,2024-09-19T12:00:00,-20.655,m
GGZ,GPRS-Water Level,2024-09-19T18:00:00,-20.78,m
GGZ,GPRS-Water Level,2024-09-20T00:00:00,-20.649,m
GGZ,GPRS-Water Level,2024-09-20T06:00:00,-20.724,m
GGZ,GPRS-Water Level,2024-09-20T12:00:00,-20.78,m
GGZ,GPRS-Water Level,2024-09-20T18:00:00,-20.732,m
GGZ,GPRS-Water Level,2024-09-21T00:00:00,-20.655,m
GGZ,GPRS-Water Level,2024-09-21T06:00:00,-20.729,m
GGZ,GPRS-Water Level,2024-09-21T12:00:00,-20.789,m
GGZ,GPRS-Water Level,2024-09-21T18:00:00,-20.74,m
GGZ,GPRS-Water Level,2024-09-22T00:00:00,-20.761,m
GGZ,GPRS-Water Level,2024-09-22T06:00:00,-20.729,m
GGZ,GPRS-Water Level,2024-09-22T12:00:00,-20.742,m
GGZ,GPRS-Water Level,2024-09-22T18:00:00,-20.757,m
GGZ,GPRS-Water Level,2024-09-23T00:00:00,-20.74,m
GGZ,GPRS-Water Level,2024-09-23T06:00:00,-20.708,m
GGZ,GPRS-Water Level,2024-09-23T12:00:00,-20.752,m
GGZ,GPRS-Water Level,2024-09-23T18:00:00,-20.731,m
GGZ,GPRS-Water Level,2024-09-24T00:00:00,-20.733,m
GGZ,GPRS-Water Level,2024-09-24T06:00:00,-20.713,m
GGZ,GPRS-Water Level,2024-09-24T12:00:00,-20.735,m
GGZ,GPRS-Water Level,2024-09-24T18:00:00,-20.713,m
GGZ,GPRS-Water Level,2024-09-25T00:00:00,-20.719,m
GGZ,GPRS-Water Level,2024-09-25T06:00:00,-20.701,m
GGZ,GPRS-Water Level,2024-09-25T12:00:00,-20.723,m
GGZ,GPRS-Water Level,2024-09-25T18:00:00,-20.733,m
GGZ,GPRS-Water Level,2024-09-26T00:00:00,-20.723,m
GGZ,GPRS-Water Level,2024-09-26T06:00:00,-20.696,m
GGZ,GPRS-Water Level,2024-09-26T12:00:00,-20.72,m
GGZ,GPRS-Water Level,2024-09-26T18:00:00,-20.614,m
GGZ,GPRS-Water Level,2024-09-27T00:00:00,-20.709,m
GGZ,GPRS-Water Level,2024-09-27T06:00:00,-20.689,m
GGZ,GPRS-Water Level,2024-09-27T12:00:00,-20.709,m
GGZ,GPRS-Water Level,2024-09-27T18:00:00,-20.707,m
GGZ,GPRS-Water Level,2024-09-28T00:00:00,-20.72,m
GGZ,GPRS-Water Level,2024-09-28T06:00:00,-20.695,m
GGZ,GPRS-Water Level,2024-09-28T12:00:00,-20.738,m
GGZ,GPRS-Water Level,2024-09-28T18:00:00,-20.719,m
GGZ,GPRS-Water Level,2024-09-29T00:00:00,-20.717,m
GGZ,GPRS-Water Level,2024-09-29T06:00:00,-20.701,m
GGZ,GPRS-Water Level,2024-09-29T12:00:00,-20.761,m
GGZ,GPRS-Water Level,2024-09-29T18:00:00,-20.692,m
GGZ,GPRS-Water Level,2024-09-30T00:00:00,-20.711,m
GGZ,GPRS-Water Level,2024-09-30T06:00:00,-20.691,m
GGZ,GPRS-Water Level,2024-09-30T12:00:00,-20.728,m
GGZ,GPRS-Water Level,2024-09-30T18:00:00,-20.692,m
GGZ,GPRS-Water Level,2024-10-01T00:00:00,-20.687,m
GGZ,GPRS-Water Level,2024-10-01T06:00:00,-20.667,m
GGZ,GPRS-Water Level,2024-10-01T12:00:00,-20.715,m
GGZ,GPRS-Water Level,2024-10-01T18:00:00,-20.706,m
GGZ,GPRS-Water Level,2024-10-02T00:00:00,-20.685,m
GGZ,GPRS-Water Level,2024-10-02T06:00:00,-20.667,m
GGZ,GPRS-Water Level,2024-10-02T12:00:00,-20.707,m
GGZ,GPRS-Water Level,2024-10-02T18:00:00,-20.697,m
GGZ,GPRS-Water Level,2024-10-03T00:00:00,-20.678,m
GGZ,GPRS-Water Level,2024-10-03T06:00:00,-20.65,m
GGZ,GPRS-Water Level,2024-10-03T12:00:00,-20.713,m
GGZ,GPRS-Water Level,2024-10-03T18:00:00,-20.728,m
GGZ,GPRS-Water Level,2024-10-04T00:00:00,-20.681,m
GGZ,GPRS-Water Level,2024-10-04T06:00:00,-20.685,m
GGZ,GPRS-Water Level,2024-10-04T12:00:00,-20.74,m
GGZ,GPRS-Water Level,2024-10-04T18:00:00,-20.692,m
GGZ,GPRS-Water Level,2024-10-05T00:00:00,-20.697,m
GGZ,GPRS-Water Level,2024-10-05T06:00:00,-20.664,m
GGZ,GPRS-Water Level,2024-10-05T12:00:00,-20.697,m
GGZ,GPRS-Water Level,2024-10-05T18:00:00,-20.701,m
GGZ,GPRS-Water Level,2024-10-06T00:00:00,-20.674,m
GGZ,GPRS-Water Level,2024-10-06T06:00:00,-20.649,m
GGZ,GPRS-Water Level,2024-10-06T12:00:00,-20.696,m
GGZ,GPRS-Water Level,2024-10-06T18:00:00,-20.658,m
GGZ,GPRS-Water Level,2024-10-07T00:00:00,-20.66,m
GGZ,GPRS-Water Level,2024-10-07T06:00:00,-20.635,m
GGZ,GPRS-Water Level,2024-10-07T12:00:00,-20.719,m
GGZ,GPRS-Water Level,2024-10-07T18:00:00,-20.748,m
GGZ,GPRS-Water Level,2024-10-08T00:00:00,-20.663,m
GGZ,GPRS-Water Level,2024-10-08T06:00:00,-20.629,m
GGZ,GPRS-Water Level,2024-10-08T12:00:00,-20.645,m
GGZ,GPRS-Water Level,2024-10-08T18:00:00,-20.711,m
GGZ,GPRS-Water Level,2024-10-09T00:00:00,-20.635,m
GGZ,GPRS-Water Level,2024-10-09T06:00:00,-20.609,m
GGZ,GPRS-Water Level,2024-10-09T12:00:00,-20.693,m
GGZ,GPRS-Water Level,2024-10-09T18:00:00,-20.648,m
GGZ,GPRS-Water Level,2024-10-10T00:00:00,-20.628,m
GGZ,GPRS-Water Level,2024-10-10T06:00:00,-20.605,m
GGZ,GPRS-Water Level,2024-10-10T12:00:00,-20.665,m
GGZ,GPRS-Water Level,2024-10-10T18:00:00,-20.663,m
GGZ,GPRS-Water Level,2024-10-11T00:00:00,-20.647,m
GGZ,GPRS-Water Level,2024-10-11T06:00:00,-20.601,m
GGZ,GPRS-Water Level,2024-10-11T12:00:00,-20.687,m
GGZ,GPRS-Water Level,2024-10-11T18:00:00,-20.697,m
GGZ,GPRS-Water Level,2024-10-12T00:00:00,-20.648,m
GGZ,GPRS-Water Level,2024-10-12T06:00:00,-20.609,m
GGZ,GPRS-Water Level,2024-10-12T12:00:00,-20.717,m
GGZ,GPRS-Water Level,2024-10-12T18:00:00,-20.687,m
GGZ,GPRS-Water Level,2024-10-13T00:00:00,-20.619,m
GGZ,GPRS-Water Level,2024-10-13T06:00:00,-20.589,m
GGZ,GPRS-Water Level,2024-10-13T12:00:00,-20.661,m
GGZ,GPRS-Water Level,2024-10-13T18:00:00,-20.638,m
GGZ,GPRS-Water Level,2024-10-14T00:00:00,-20.62,m
GGZ,GPRS-Water Level,2024-10-14T06:00:00,-20.581,m
GGZ,GPRS-Water Level,2024-10-14T12:00:00,-20.603,m
GGZ,GPRS-Water Level,2024-10-14T18:00:00,-20.616,m
GGZ,GPRS-Water Level,2024-10-15T00:00:00,-20.604,m
GGZ,GPRS-Water Level,2024-10-15T06:00:00,-20.553,m
GGZ,GPRS-Water Level,2024-10-15T12:00:00,-20.624,m
GGZ,GPRS-Water Level,2024-10-15T18:00:00,-20.638,m
GGZ,GPRS-Water Level,2024-10-16T00:00:00,-20.599,m
GGZ,GPRS-Water Level,2024-10-16T06:00:00,-20.55,m
GGZ,GPRS-Water Level,2024-10-16T12:00:00,-20.644,m
GGZ,GPRS-Water Level,2024-10-16T18:00:00,-20.657,m
GGZ,GPRS-Water Level,2024-10-17T00:00:00,-20.59,m
GGZ,GPRS-Water Level,2024-10-17T06:00:00,-20.546,m
GGZ,GPRS-Water Level,2024-10-17T12:00:00,-20.584,m
GGZ,GPRS-Water Level,2024-10-17T18:00:00,-20.62,m
GGZ,GPRS-Water Level,2024-10-18T00:00:00,-20.584,m
GGZ,GPRS-Water Level,2024-10-18T06:00:00,-20.524,m
GGZ,GPRS-Water Level,2024-10-18T12:00:00,-20.623,m
GGZ,GPRS-Water Level,2024-10-18T18:00:00,-20.632,m
GGZ,GPRS-Water Level,2024-10-19T00:00:00,-20.585,m
GGZ,GPRS-Water Level,2024-10-19T06:00:00,-20.528,m
GGZ,GPRS-Water Level,2024-10-19T12:00:00,-20.555,m
GGZ,GPRS-Water Level,2024-10-19T18:00:00,-20.557,m
GGZ,GPRS-Water Level,2024-10-20T00:00:00,-20.546,m
GGZ,GPRS-Water Level,2024-10-20T06:00:00,-20.526,m
GGZ,GPRS-Water Level,2024-10-20T12:00:00,-20.594,m
GGZ,GPRS-Water Level,2024-10-20T18:00:00,-20.599,m
GGZ,GPRS-Water Level,2024-10-21T00:00:00,-20.566,m
GGZ,GPRS-Water Level,2024-10-21T06:00:00,-20.491,m
GGZ,GPRS-Water Level,2024-10-21T12:00:00,-20.592,m
GGZ,GPRS-Water Level,2024-10-21T18:00:00,-20.602,m
GGZ,GPRS-Water Level,2024-10-22T00:00:00,-20.572,m
GGZ,GPRS-Water Level,2024-10-22T06:00:00,-20.504,m
GGZ,GPRS-Water Level,2024-10-22T12:00:00,-20.572,m
GGZ,GPRS-Water Level,2024-10-22T18:00:00,-20.578,m
GGZ,GPRS-Water Level,2024-10-23T00:00:00,-20.528,m
GGZ,GPRS-Water Level,2024-10-23T06:00:00,-20.476,m
GGZ,GPRS-Water Level,2024-10-23T12:00:00,-20.552,m
GGZ,GPRS-Water Level,2024-10-23T18:00:00,-20.548,m
GGZ,GPRS-Water Level,2024-10-24T00:00:00,-20.515,m
GGZ,GPRS-Water Level,2024-10-24T06:00:00,-20.478,m
GGZ,GPRS-Water Level,2024-10-24T12:00:00,-20.556,m
GGZ,GPRS-Water Level,2024-10-24T18:00:00,-20.637,m
GGZ,GPRS-Water Level,2024-10-25T00:00:00,-20.545,m
GGZ,GPRS-Water Level,2024-10-25T06:00:00,-20.515,m
GGZ,GPRS-Water Level,2024-10-25T12:00:00,-20.546,m
GGZ,GPRS-Water Level,2024-10-25T18:00:00,-20.528,m
GGZ,GPRS-Water Level,2024-10-26T00:00:00,-20.516,m
GGZ,GPRS-Water Level,2024-10-26T06:00:00,-20.518,m
GGZ,GPRS-Water Level,2024-10-26T12:00:00,-20.553,m
GGZ,GPRS-Water Level,2024-10-26T18:00:00,-20.499,m
GGZ,GPRS-Water Level,2024-10-27T00:00:00,-20.509,m
GGZ,GPRS-Water Level,2024-10-27T06:00:00,-20.46,m
GGZ,GPRS-Water Level,2024-10-27T12:00:00,-20.527,m
GGZ,GPRS-Water Level,2024-10-27T18:00:00,-20.502,m
GGZ,GPRS-Water Level,2024-10-28T00:00:00,-20.486,m
GGZ,GPRS-Water Level,2024-10-28T06:00:00,-20.446,m
GGZ,GPRS-Water Level,2024-10-28T12:00:00,-20.523,m
GGZ,GPRS-Water Level,2024-10-28T18:00:00,-20.518,m
GGZ,GPRS-Water Level,2024-10-29T00:00:00,-20.498,m
GGZ,GPRS-Water Level,2024-10-29T06:00:00,-20.464,m
GGZ,GPRS-Water Level,2024-10-29T12:00:00,-20.577,m
GGZ,GPRS-Water Level,2024-10-29T18:00:00,-20.534,m
GGZ,GPRS-Water Level,2024-10-30T00:00:00,-20.526,m
GGZ,GPRS-Water Level,2024-10-30T06:00:00,-20.452,m
GGZ,GPRS-Water Level,2024-10-30T12:00:00,-20.51,m
GGZ,GPRS-Water Level,2024-10-30T18:00:00,-20.556,m
GGZ,GPRS-Water Level,2024-10-31T00:00:00,-20.531,m
GGZ,GPRS-Water Level,2024-10-31T06:00:00,-20.415,m
GGZ,GPRS-Water Level,2024-10-31T12:00:00,-20.518,m
GGZ,GPRS-Water Level,2024-10-31T18:00:00,-20.534,m
GGZ,GPRS-Water Level,2024-11-01T00:00:00,-20.488,m
GGZ,GPRS-Water Level,2024-11-01T06:00:00,-20.464,m
GGZ,GPRS-Water Level,2024-11-01T12:00:00,-20.543,m
GGZ,GPRS-Water Level,2024-11-01T18:00:00,-20.509,m
GGZ,GPRS-Water Level,2024-11-02T00:00:00,-20.501,m
GGZ,GPRS-Water Level,2024-11-02T06:00:00,-20.471,m
GGZ,GPRS-Water Level,2024-11-02T12:00:00,-20.523,m
GGZ,GPRS-Water Level,2024-11-02T18:00:00,-20.503,m
GGZ,GPRS-Water Level,2024-11-03T00:00:00,-20.498,m
GGZ,GPRS-Water Level,2024-11-03T06:00:00,-20.465,m
GGZ,GPRS-Water Level,2024-11-03T12:00:00,-20.524,m
GGZ,GPRS-Water Level,2024-11-03T18:00:00,-20.487,m
GGZ,GPRS-Water Level,2024-11-04T00:00:00,-20.471,m
GGZ,GPRS-Water Level,2024-11-04T06:00:00,-20.447,m
GGZ,GPRS-Water Level,2024-11-04T12:00:00,-20.475,m
GGZ,GPRS-Water Level,2024-11-04T18:00:00,-20.486,m
GGZ,GPRS-Water Level,2024-11-05T00:00:00,-20.486,m
GGZ,GPRS-Water Level,2024-11-05T06:00:00,-20.458,m
GGZ,GPRS-Water Level,2024-11-05T12:00:00,-20.513,m
GGZ,GPRS-Water Level,2024-11-05T18:00:00,-20.494,m
GGZ,GPRS-Water Level,2024-11-06T00:00:00,-20.474,m
GGZ,GPRS-Water Level,2024-11-06T06:00:00,-20.441,m
GGZ,GPRS-Water Level,2024-11-06T12:00:00,-20.493,m
GGZ,GPRS-Water Level,2024-11-06T18:00:00,-20.497,m
GGZ,GPRS-Water Level,2024-11-07T00:00:00,-20.46,m
GGZ,GPRS-Water Level,2024-11-07T06:00:00,-20.43,m
GGZ,GPRS-Water Level,2024-11-07T12:00:00,-20.486,m
GGZ,GPRS-Water Level,2024-11-07T18:00:00,-20.46,m
GGZ,GPRS-Water Level,2024-11-08T00:00:00,-20.44,m
GGZ,GPRS-Water Level,2024-11-08T06:00:00,-20.424,m
GGZ,GPRS-Water Level,2024-11-08T12:00:00,-20.459,m
GGZ,GPRS-Water Level,2024-11-08T18:00:00,-20.44,m
GGZ,GPRS-Water Level,2024-11-09T00:00:00,-20.446,m
GGZ,GPRS-Water Level,2024-11-09T06:00:00,-20.419,m
GGZ,GPRS-Water Level,2024-11-09T12:00:00,-20.473,m
GGZ,GPRS-Water Level,2024-11-09T18:00:00,-20.444,m
GGZ,GPRS-Water Level,2024-11-10T00:00:00,-20.444,m
GGZ,GPRS-Water Level,2024-11-10T06:00:00,-20.409,m
GGZ,GPRS-Water Level,2024-11-10T12:00:00,-20.439,m
GGZ,GPRS-Water Level,2024-11-10T18:00:00,-20.448,m
GGZ,GPRS-Water Level,2024-11-11T00:00:00,-20.423,m
GGZ,GPRS-Water Level,2024-11-11T06:00:00,-20.4,m
GGZ,GPRS-Water Level,2024-11-11T12:00:00,-20.444,m
GGZ,GPRS-Water Level,2024-11-11T18:00:00,-20.429,m
GGZ,GPRS-Water Level,2024-11-12T00:00:00,-20.418,m
GGZ,GPRS-Water Level,2024-11-12T06:00:00,-20.394,m
GGZ,GPRS-Water Level,2024-11-12T12:00:00,-20.418,m
GGZ,GPRS-Water Level,2024-11-12T18:00:00,-20.415,m
GGZ,GPRS-Water Level,2024-11-13T00:00:00,-20.413,m
GGZ,GPRS-Water Level,2024-11-13T06:00:00,-20.39,m
GGZ,GPRS-Water Level,2024-11-13T12:00:00,-20.421,m
GGZ,GPRS-Water Level,2024-11-13T18:00:00,-20.424,m
GGZ,GPRS-Water Level,2024-11-14T00:00:00,-20.417,m
GGZ,GPRS-Water Level,2024-11-14T06:00:00,-20.386,m
GGZ,GPRS-Water Level,2024-11-14T12:00:00,-20.416,m
GGZ,GPRS-Water Level,2024-11-14T18:00:00,-20.393,m
GGZ,GPRS-Water Level,2024-11-15T00:00:00,-20.388,m
GGZ,GPRS-Water Level,2024-11-15T06:00:00,-20.367,m
GGZ,GPRS-Water Level,2024-11-15T12:00:00,-20.436,m
GGZ,GPRS-Water Level,2024-11-15T18:00:00,-20.391,m
GGZ,GPRS-Water Level,2024-11-16T00:00:00,-20.379,m
GGZ,GPRS-Water Level,2024-11-16T06:00:00,-20.35,m
GGZ,GPRS-Water Level,2024-11-16T12:00:00,-20.396,m
GGZ,GPRS-Water Level,2024-11-16T18:00:00,-20.374,m
GGZ,GPRS-Water Level,2024-11-17T00:00:00,-20.375,m
GGZ,GPRS-Water Level,2024-11-17T06:00:00,-20.35,m
GGZ,GPRS-Water Level,2024-11-17T12:00:00,-20.399,m
GGZ,GPRS-Water Level,2024-11-17T18:00:00,-20.374,m
GGZ,GPRS-Water Level,2024-11-18T00:00:00,-20.377,m
GGZ,GPRS-Water Level,2024-11-18T06:00:00,-20.34,m
GGZ,GPRS-Water Level,2024-11-18T12:00:00,-20.429,m
GGZ,GPRS-Water Level,2024-11-18T18:00:00,-20.389,m
GGZ,GPRS-Water Level,2024-11-19T00:00:00,-20.364,m
GGZ,GPRS-Water Level,2024-11-19T06:00:00,-20.283,m
GGZ,GPRS-Water Level,2024-11-19T12:00:00,-20.38,m
GGZ,GPRS-Water Level,2024-11-19T18:00:00,-20.353,m
GGZ,GPRS-Water Level,2024-11-20T00:00:00,-20.342,m
GGZ,GPRS-Water Level,2024-11-20T06:00:00,-20.272,m
GGZ,GPRS-Water Level,2024-11-20T12:00:00,-20.373,m
GGZ,GPRS-Water Level,2024-11-20T18:00:00,-20.343,m
GGZ,GPRS-Water Level,2024-11-21T00:00:00,-20.341,m
GGZ,GPRS-Water Level,2024-11-21T06:00:00,-20.263,m
GGZ,GPRS-Water Level,2024-11-21T12:00:00,-20.353,m
GGZ,GPRS-Water Level,2024-11-21T18:00:00,-20.35,m
GGZ,GPRS-Water Level,2024-11-22T00:00:00,-20.339,m
GGZ,GPRS-Water Level,2024-11-22T06:00:00,-20.262,m
GGZ,GPRS-Water Level,2024-11-22T12:00:00,-20.426,m
GGZ,GPRS-Water Level,2024-11-22T18:00:00,-20.346,m
GGZ,GPRS-Water Level,2024-11-23T00:00:00,-20.32,m
GGZ,GPRS-Water Level,2024-11-23T06:00:00,-20.254,m
GGZ,GPRS-Water Level,2024-11-23T12:00:00,-20.368,m
GGZ,GPRS-Water Level,2024-11-23T18:00:00,-20.311,m
GGZ,GPRS-Water Level,2024-11-24T00:00:00,-20.314,m
GGZ,GPRS-Water Level,2024-11-24T06:00:00,-20.246,m
GGZ,GPRS-Water Level,2024-11-24T12:00:00,-20.272,m
GGZ,GPRS-Water Level,2024-11-24T18:00:00,-20.297,m
GGZ,GPRS-Water Level,2024-11-25T00:00:00,-20.287,m
GGZ,GPRS-Water Level,2024-11-25T06:00:00,-20.238,m
GGZ,GPRS-Water Level,2024-11-25T12:00:00,-20.325,m
GGZ,GPRS-Water Level,2024-11-25T18:00:00,-20.282,m
GGZ,GPRS-Water Level,2024-11-26T00:00:00,-20.243,m
GGZ,GPRS-Water Level,2024-11-26T06:00:00,-20.228,m
GGZ,GPRS-Water Level,2024-11-26T12:00:00,-20.264,m
GGZ,GPRS-Water Level,2024-11-26T18:00:00,-20.263,m
GGZ,GPRS-Water Level,2024-11-27T00:00:00,-20.231,m
GGZ,GPRS-Water Level,2024-11-27T06:00:00,-20.213,m
GGZ,GPRS-Water Level,2024-11-27T12:00:00,-20.258,m
GGZ,GPRS-Water Level,2024-11-27T18:00:00,-20.263,m
GGZ,GPRS-Water Level,2024-11-28T00:00:00,-20.232,m
GGZ,GPRS-Water Level,2024-11-28T06:00:00,-20.212,m
GGZ,GPRS-Water Level,2024-11-28T12:00:00,-20.272,m
GGZ,GPRS-Water Level,2024-11-29T06:00:00,-20.206,m
GGZ,GPRS-Water Level,2024-11-29T12:00:00,-20.285,m
GGZ,GPRS-Water Level,2024-11-29T18:00:00,-20.216,m
GGZ,GPRS-Water Level,2024-11-30T00:00:00,-20.206,m
GGZ,GPRS-Water Level,2024-11-30T06:00:00,-20.183,m
GGZ,GPRS-Water Level,2024-11-30T12:00:00,-20.172,m
GGZ,GPRS-Water Level,2024-11-30T18:00:00,-20.174,m
GGZ,GPRS-Water Level,2024-12-01T00:00:00,-20.189,m
GGZ,GPRS-Water Level,2024-12-01T06:00:00,-20.164,m
GGZ,GPRS-Water Level,2024-12-01T12:00:00,-20.208,m
GGZ,GPRS-Water Level,2024-12-01T18:00:00,-20.147,m
GGZ,GPRS-Water Level,2024-12-02T00:00:00,-20.176,m
GGZ,GPRS-Water Level,2024-12-02T06:00:00,-20.146,m
GGZ,GPRS-Water Level,2024-12-02T12:00:00,-20.184,m
GGZ,GPRS-Water Level,2024-12-02T18:00:00,-20.192,m
GGZ,GPRS-Water Level,2024-12-03T00:00:00,-20.18,m
GGZ,GPRS-Water Level,2024-12-03T06:00:00,-20.137,m
GGZ,GPRS-Water Level,2024-12-03T12:00:00,-20.191,m
GGZ,GPRS-Water Level,2024-12-03T18:00:00,-20.118,m
GGZ,GPRS-Water Level,2024-12-04T00:00:00,-20.133,m
GGZ,GPRS-Water Level,2024-12-04T12:00:00,-20.14,m
GGZ,GPRS-Water Level,2024-12-18T18:00:00,-20.101,m
GGZ,GPRS-Water Level,2024-12-19T12:00:00,-20.139,m
GGZ,GPRS-Water Level,2025-04-21T18:00:00,-19.241,m
GGZ,GPRS-Water Level,2025-04-22T00:00:00,-19.235,m
GGZ,GPRS-Water Level,2025-04-22T06:00:00,-19.209,m
GGZ,GPRS-Water Level,2025-04-22T12:00:00,-19.261,m
GGZ,GPRS-Water Level,2025-04-22T18:00:00,-19.266,m
GGZ,GPRS-Water Level,2025-04-23T00:00:00,-19.239,m
GGZ,GPRS-Water Level,2025-04-23T06:00:00,-19.203,m
GGZ,GPRS-Water Level,2025-04-23T12:00:00,-19.255,m
GGZ,GPRS-Water Level,2025-04-23T18:00:00,-19.222,m
GGZ,GPRS-Water Level,2025-04-24T00:00:00,-19.224,m
GGZ,GPRS-Water Level,2025-04-24T06:00:00,-19.177,m
GGZ,GPRS-Water Level,2025-04-24T12:00:00,-19.274,m
GGZ,GPRS-Water Level,2025-04-24T18:00:00,-19.367,m
GGZ,GPRS-Water Level,2025-04-25T00:00:00,-19.229,m
GGZ,GPRS-Water Level,2025-04-25T06:00:00,-19.211,m
GGZ,GPRS-Water Level,2025-04-25T12:00:00,-19.258,m
GGZ,GPRS-Water Level,2025-04-25T18:00:00,-19.355,m
GGZ,GPRS-Water Level,2025-04-26T00:00:00,-19.243,m
GGZ,GPRS-Water Level,2025-04-26T06:00:00,-19.207,m
GGZ,GPRS-Water Level,2025-04-26T12:00:00,-19.27,m
GGZ,GPRS-Water Level,2025-04-26T18:00:00,-19.358,m
GGZ,GPRS-Water Level,2025-04-27T00:00:00,-19.255,m
GGZ,GPRS-Water Level,2025-04-27T06:00:00,-19.216,m
GGZ,GPRS-Water Level,2025-04-27T12:00:00,-19.386,m
GGZ,GPRS-Water Level,2025-04-27T18:00:00,-19.222,m
GGZ,GPRS-Water Level,2025-04-28T00:00:00,-19.228,m
GGZ,GPRS-Water Level,2025-04-28T06:00:00,-19.21,m
GGZ,GPRS-Water Level,2025-04-28T12:00:00,-19.365,m
GGZ,GPRS-Water Level,2025-04-28T18:00:00,-19.342,m
GGZ,GPRS-Water Level,2025-04-29T00:00:00,-19.345,m
GGZ,GPRS-Water Level,2025-04-29T06:00:00,-19.227,m
GGZ,GPRS-Water Level,2025-04-29T12:00:00,-19.252,m
GGZ,GPRS-Water Level,2025-04-29T18:00:00,-19.331,m
GGZ,GPRS-Water Level,2025-04-30T00:00:00,-19.245,m
GGZ,GPRS-Water Level,2025-04-30T06:00:00,-19.251,m
GGZ,GPRS-Water Level,2025-04-30T12:00:00,-19.403,m
GGZ,GPRS-Water Level,2025-04-30T18:00:00,-19.377,m
GGZ,GPRS-Water Level,2025-05-01T00:00:00,-19.37,m
GGZ,GPRS-Water Level,2025-05-01T06:00:00,-19.263,m
GGZ,GPRS-Water Level,2025-05-01T12:00:00,-19.287,m
GGZ,GPRS-Water Level,2025-05-01T18:00:00,-19.377,m
GGZ,GPRS-Water Level,2025-05-02T00:00:00,-19.259,m
GGZ,GPRS-Water Level,2025-05-02T06:00:00,-19.279,m
GGZ,GPRS-Water Level,2025-05-02T12:00:00,-19.268,m
GGZ,GPRS-Water Level,2025-05-02T18:00:00,-19.359,m
GGZ,GPRS-Water Level,2025-05-03T00:00:00,-19.244,m
GGZ,GPRS-Water Level,2025-05-03T06:00:00,-19.224,m
GGZ,GPRS-Water Level,2025-05-03T12:00:00,-19.257,m
GGZ,GPRS-Water Level,2025-05-03T18:00:00,-19.306,m
GGZ,GPRS-Water Level,2025-05-04T00:00:00,-19.32,m
GGZ,GPRS-Water Level,2025-05-04T06:00:00,-19.209,m
GGZ,GPRS-Water Level,2025-05-04T12:00:00,-19.25,m
GGZ,GPRS-Water Level,2025-05-04T18:00:00,-19.211,m
GGZ,GPRS-Water Level,2025-05-05T00:00:00,-19.238,m
GGZ,GPRS-Water Level,2025-05-05T06:00:00,-19.21,m
GGZ,GPRS-Water Level,2025-05-05T12:00:00,-19.247,m
GGZ,GPRS-Water Level,2025-05-05T18:00:00,-19.228,m
GGZ,GPRS-Water Level,2025-05-06T00:00:00,-19.226,m
GGZ,GPRS-Water Level,2025-05-06T06:00:00,-19.222,m
GGZ,GPRS-Water Level,2025-05-06T12:00:00,-19.238,m
GGZ,GPRS-Water Level,2025-05-06T18:00:00,-19.306,m
GGZ,GPRS-Water Level,2025-05-07T00:00:00,-19.231,m
GGZ,GPRS-Water Level,2025-05-07T06:00:00,-19.22,m
GGZ,GPRS-Water Level,2025-05-07T12:00:00,-19.249,m
GGZ,GPRS-Water Level,2025-05-07T18:00:00,-19.226,m
GGZ,GPRS-Water Level,2025-05-08T00:00:00,-19.227,m
GGZ,GPRS-Water Level,2025-05-13T06:00:00,-19.221,m
GGZ,GPRS-Water Level,2025-05-13T12:00:00,-19.362,m
GGZ,GPRS-Water Level,2025-05-13T18:00:00,-19.241,m
GGZ,GPRS-Water Level,2025-05-14T00:00:00,-19.227,m
GGZ,GPRS-Water Level,2025-05-14T06:00:00,-19.227,m
GGZ,GPRS-Water Level,2025-05-14T12:00:00,-19.256,m
GGZ,GPRS-Water Level,2025-05-14T18:00:00,-19.335,m
GGZ,GPRS-Water Level,2025-05-15T00:00:00,-19.345,m
GGZ,GPRS-Water Level,2025-05-15T06:00:00,-19.225,m
GGZ,GPRS-Water Level,2025-05-15T12:00:00,-19.375,m
GGZ,GPRS-Water Level,2025-05-15T18:00:00,-19.345,m
GGZ,GPRS-Water Level,2025-05-16T00:00:00,-19.341,m
GGZ,GPRS-Water Level,2025-05-16T06:00:00,-19.329,m
GGZ,GPRS-Water Level,2025-05-16T12:00:00,-19.372,m
GGZ,GPRS-Water Level,2025-05-16T18:00:00,-19.38,m
GGZ,GPRS-Water Level,2025-05-17T00:00:00,-19.338,m
GGZ,GPRS-Water Level,2025-05-17T06:00:00,-19.321,m
GGZ,GPRS-Water Level,2025-05-17T12:00:00,-19.366,m
GGZ,GPRS-Water Level,2025-05-17T18:00:00,-19.329,m
GGZ,GPRS-Water Level,2025-05-18T00:00:00,-19.337,m
GGZ,GPRS-Water Level,2025-05-18T06:00:00,-19.336,m
GGZ,GPRS-Water Level,2025-05-18T12:00:00,-19.365,m
GGZ,GPRS-Water Level,2025-05-18T18:00:00,-19.34,m
GGZ,GPRS-Water Level,2025-05-19T00:00:00,-19.346,m
GGZ,GPRS-Water Level,2025-05-19T06:00:00,-19.343,m
GGZ,GPRS-Water Level,2025-05-19T12:00:00,-19.365,m
GGZ,GPRS-Water Level,2025-05-19T18:00:00,-19.343,m
GGZ,GPRS-Water Level,2025-05-20T00:00:00,-19.346,m
GGZ,GPRS-Water Level,2025-05-20T06:00:00,-19.337,m
GGZ,GPRS-Water Level,2025-05-20T12:00:00,-19.35,m
GGZ,GPRS-Water Level,2025-05-20T18:00:00,-19.421,m
GGZ,GPRS-Water Level,2025-05-21T00:00:00,-19.346,m
GGZ,GPRS-Water Level,2025-05-21T06:00:00,-19.341,m
GGZ,GPRS-Water Level,2025-05-21T12:00:00,-19.374,m
GGZ,GPRS-Water Level,2025-05-21T18:00:00,-19.39,m
GGZ,GPRS-Water Level,2025-05-22T00:00:00,-19.343,m
GGZ,GPRS-Water Level,2025-05-22T06:00:00,-19.349,m
GGZ,GPRS-Water Level,2025-05-22T12:00:00,-19.376,m
GGZ,GPRS-Water Level,2025-05-22T18:00:00,-19.347,m
GGZ,GPRS-Water Level,2025-05-23T00:00:00,-19.347,m
GGZ,GPRS-Water Level,2025-05-23T06:00:00,-19.338,m
GGZ,GPRS-Water Level,2025-05-23T12:00:00,-19.363,m
GGZ,GPRS-Water Level,2025-05-23T18:00:00,-19.352,m
GGZ,GPRS-Water Level,2025-05-24T00:00:00,-19.382,m
GGZ,GPRS-Water Level,2025-05-24T06:00:00,-19.348,m
GGZ,GPRS-Water Level,2025-05-24T12:00:00,-19.36,m
GGZ,GPRS-Water Level,2025-05-24T18:00:00,-19.339,m
GGZ,GPRS-Water Level,2025-05-25T00:00:00,-19.357,m
GGZ,GPRS-Water Level,2025-05-25T06:00:00,-19.244,m
GGZ,GPRS-Water Level,2025-05-25T12:00:00,-19.369,m
GGZ,GPRS-Water Level,2025-05-25T18:00:00,-19.342,m
GGZ,GPRS-Water Level,2025-05-26T00:00:00,-19.357,m
GGZ,GPRS-Water Level,2025-05-26T06:00:00,-19.344,m
GGZ,GPRS-Water Level,2025-05-26T12:00:00,-19.359,m
GGZ,GPRS-Water Level,2025-05-26T18:00:00,-19.319,m
GGZ,GPRS-Water Level,2025-05-27T00:00:00,-19.336,m
GGZ,GPRS-Water Level,2025-05-27T06:00:00,-19.327,m
GGZ,GPRS-Water Level,2025-05-27T12:00:00,-19.34,m
GGZ,GPRS-Water Level,2025-05-27T18:00:00,-19.314,m
GGZ,GPRS-Water Level,2025-05-28T00:00:00,-19.346,m
GGZ,GPRS-Water Level,2025-05-28T06:00:00,-19.304,m
GGZ,GPRS-Water Level,2025-05-28T12:00:00,-19.33,m
GGZ,GPRS-Water Level,2025-05-28T18:00:00,-19.293,m
GGZ,GPRS-Water Level,2025-05-29T00:00:00,-19.312,m
GGZ,GPRS-Water Level,2025-05-29T06:00:00,-19.303,m
GGZ,GPRS-Water Level,2025-05-29T12:00:00,-19.313,m
GGZ,GPRS-Water Level,2025-05-29T18:00:00,-19.312,m
GGZ,GPRS-Water Level,2025-05-30T00:00:00,-19.3,m
GGZ,GPRS-Water Level,2025-05-30T06:00:00,-19.288,m
GGZ,GPRS-Water Level,2025-05-30T12:00:00,-19.326,m
GGZ,GPRS-Water Level,2025-05-30T18:00:00,-19.299,m
GGZ,GPRS-Water Level,2025-05-31T00:00:00,-19.314,m
GGZ,GPRS-Water Level,2025-05-31T06:00:00,-19.304,m
GGZ,GPRS-Water Level,2025-05-31T12:00:00,-19.358,m
GGZ,GPRS-Water Level,2025-05-31T18:00:00,-19.361,m
GGZ,GPRS-Water Level,2025-06-01T00:00:00,-19.339,m
GGZ,GPRS-Water Level,2025-06-01T06:00:00,-19.337,m
GGZ,GPRS-Water Level,2025-06-01T12:00:00,-19.344,m
GGZ,GPRS-Water Level,2025-06-01T18:00:00,-19.328,m
GGZ,GPRS-Water Level,2025-06-02T00:00:00,-19.311,m
GGZ,GPRS-Water Level,2025-06-02T06:00:00,-19.311,m
GGZ,GPRS-Water Level,2025-06-02T12:00:00,-19.345,m
GGZ,GPRS-Water Level,2025-06-02T18:00:00,-19.322,m
GGZ,GPRS-Water Level,2025-06-03T00:00:00,-19.325,m
GGZ,GPRS-Water Level,2025-06-03T06:00:00,-19.331,m
GGZ,GPRS-Water Level,2025-06-03T12:00:00,-19.353,m
GGZ,GPRS-Water Level,2025-06-03T18:00:00,-19.336,m
GGZ,GPRS-Water Level,2025-06-04T00:00:00,-19.357,m
GGZ,GPRS-Water Level,2025-06-04T06:00:00,-19.338,m
GGZ,GPRS-Water Level,2025-06-04T12:00:00,-19.378,m
GGZ,GPRS-Water Level,2025-06-04T18:00:00,-19.354,m
GGZ,GPRS-Water Level,2025-06-05T00:00:00,-19.365,m
GGZ,GPRS-Water Level,2025-06-05T06:00:00,-19.277,m
GGZ,GPRS-Water Level,2025-06-05T12:00:00,-19.327,m
GGZ,GPRS-Water Level,2025-06-05T18:00:00,-19.385,m
GGZ,GPRS-Water Level,2025-06-06T00:00:00,-19.382,m
GGZ,GPRS-Water Level,2025-06-06T06:00:00,-19.277,m
GGZ,GPRS-Water Level,2025-06-06T12:00:00,-19.312,m
GGZ,GPRS-Water Level,2025-06-06T18:00:00,-19.38,m
GGZ,GPRS-Water Level,2025-06-07T00:00:00,-19.368,m
GGZ,GPRS-Water Level,2025-06-07T06:00:00,-19.363,m
GGZ,GPRS-Water Level,2025-06-07T12:00:00,-19.448,m
GGZ,GPRS-Water Level,2025-06-07T18:00:00,-19.36,m
GGZ,GPRS-Water Level,2025-06-08T00:00:00,-19.356,m
GGZ,GPRS-Water Level,2025-06-08T06:00:00,-19.356,m
GGZ,GPRS-Water Level,2025-06-08T12:00:00,-19.391,m
GGZ,GPRS-Water Level,2025-06-08T18:00:00,-19.366,m
GGZ,GPRS-Water Level,2025-06-09T00:00:00,-19.346,m
GGZ,GPRS-Water Level,2025-06-09T06:00:00,-19.341,m
GGZ,GPRS-Water Level,2025-06-09T12:00:00,-19.387,m
GGZ,GPRS-Water Level,2025-06-09T18:00:00,-19.449,m
GGZ,GPRS-Water Level,2025-06-10T00:00:00,-19.36,m
GGZ,GPRS-Water Level,2025-06-10T06:00:00,-19.349,m
GGZ,GPRS-Water Level,2025-06-10T12:00:00,-19.411,m
GGZ,GPRS-Water Level,2025-06-10T18:00:00,-19.503,m
GGZ,GPRS-Water Level,2025-06-11T00:00:00,-19.382,m
GGZ,GPRS-Water Level,2025-06-11T06:00:00,-19.354,m
GGZ,GPRS-Water Level,2025-06-11T12:00:00,-19.439,m
GGZ,GPRS-Water Level,2025-06-11T18:00:00,-19.424,m
GGZ,GPRS-Water Level,2025-06-12T00:00:00,-19.384,m
GGZ,GPRS-Water Level,2025-06-12T06:00:00,-19.367,m
GGZ,GPRS-Water Level,2025-06-12T12:00:00,-19.43,m
GGZ,GPRS-Water Level,2025-06-12T18:00:00,-19.638,m
GGZ,GPRS-Water Level,2025-06-13T00:00:00,-19.409,m
GGZ,GPRS-Water Level,2025-06-13T06:00:00,-19.383,m
GGZ,GPRS-Water Level,2025-06-13T12:00:00,-19.422,m
GGZ,GPRS-Water Level,2025-06-13T18:00:00,-19.429,m
GGZ,GPRS-Water Level,2025-06-14T00:00:00,-19.411,m
GGZ,GPRS-Water Level,2025-06-14T06:00:00,-19.382,m
GGZ,GPRS-Water Level,2025-06-14T12:00:00,-19.455,m
GGZ,GPRS-Water Level,2025-06-14T18:00:00,-19.452,m
GGZ,GPRS-Water Level,2025-06-15T00:00:00,-19.42,m
GGZ,GPRS-Water Level,2025-06-15T06:00:00,-19.355,m
GGZ,GPRS-Water Level,2025-06-15T12:00:00,-19.396,m
GGZ,GPRS-Water Level,2025-06-15T18:00:00,-19.352,m
GGZ,GPRS-Water Level,2025-06-16T00:00:00,-19.403,m
GGZ,GPRS-Water Level,2025-06-16T06:00:00,-19.373,m
GGZ,GPRS-Water Level,2025-06-16T12:00:00,-19.396,m
GGZ,GPRS-Water Level,2025-06-16T18:00:00,-19.389,m
GGZ,GPRS-Water Level,2025-06-17T00:00:00,-19.373,m
GGZ,GPRS-Water Level,2025-06-17T06:00:00,-19.357,m
GGZ,GPRS-Water Level,2025-06-17T12:00:00,-19.399,m
GGZ,GPRS-Water Level,2025-06-17T18:00:00,-19.354,m
GGZ,GPRS-Water Level,2025-06-18T00:00:00,-19.361,m
GGZ,GPRS-Water Level,2025-06-18T06:00:00,-19.344,m
GGZ,GPRS-Water Level,2025-06-18T12:00:00,-19.369,m
GGZ,GPRS-Water Level,2025-06-18T18:00:00,-19.341,m
GGZ,GPRS-Water Level,2025-06-19T00:00:00,-19.354,m
GGZ,GPRS-Water Level,2025-06-19T06:00:00,-19.323,m
GGZ,GPRS-Water Level,2025-06-19T12:00:00,-19.355,m
GGZ,GPRS-Water Level,2025-06-19T18:00:00,-19.358,m
GGZ,GPRS-Water Level,2025-06-20T00:00:00,-19.358,m
GGZ,GPRS-Water Level,2025-06-20T06:00:00,-19.336,m
GGZ,GPRS-Water Level,2025-06-20T12:00:00,-19.363,m
GGZ,GPRS-Water Level,2025-06-20T18:00:00,-19.367,m
GGZ,GPRS-Water Level,2025-06-21T00:00:00,-19.38,m
GGZ,GPRS-Water Level,2025-06-21T06:00:00,-19.348,m
GGZ,GPRS-Water Level,2025-06-21T12:00:00,-19.362,m
GGZ,GPRS-Water Level,2025-06-21T18:00:00,-19.333,m
GGZ,GPRS-Water Level,2025-06-22T00:00:00,-19.343,m
GGZ,GPRS-Water Level,2025-06-22T06:00:00,-19.327,m
GGZ,GPRS-Water Level,2025-06-22T12:00:00,-19.344,m
GGZ,GPRS-Water Level,2025-06-22T18:00:00,-19.32,m
GGZ,GPRS-Water Level,2025-06-23T00:00:00,-19.341,m
GGZ,GPRS-Water Level,2025-06-23T06:00:00,-19.321,m
GGZ,GPRS-Water Level,2025-06-23T12:00:00,-19.344,m
GGZ,GPRS-Water Level,2025-06-23T18:00:00,-19.366,m
GGZ,GPRS-Water Level,2025-06-24T00:00:00,-19.357,m
GGZ,GPRS-Water Level,2025-06-24T06:00:00,-19.319,m
GGZ,GPRS-Water Level,2025-06-24T12:00:00,-19.345,m
GGZ,GPRS-Water Level,2025-06-24T18:00:00,-19.312,m
GGZ,GPRS-Water Level,2025-06-25T00:00:00,-19.347,m
,,,,
This sheet is downloaded from www.indiawris.gov.in.,,,,
Disclaimer:,,,,
The water and allied data published by National Water Information Centre (NWIC) is sourced from various data producing agencies.,,,,
Any further information and clarification regarding the data may be sought by the user from the respective data producing agency.,,,,
